path,format,width,height,bytes,exif_ms,full_decode_ms,full_resize_hash_ms,full_decode_result,captured_at_source,fast_hash_ms,decode_source,fast_hash_result
C:\Users\miyaj\Pictures\20260630_新宿エール\2026-06-30_18-19-32_632.jpeg,jpeg,3024,4032,3025885,0.14,56.75,76.02,ok,exif_original,1.15,exif_thumbnail,ok
C:\Users\miyaj\Pictures\20260630_新宿エール\2026-06-30_18-19-33_921.jpeg,jpeg,3024,4032,2824120,0.15,54.61,75.56,ok,exif_original,1.13,exif_thumbnail,ok
C:\Users\miyaj\Pictures\20260630_新宿エール\2026-06-30_18-19-34_451.jpeg,jpeg,3024,4032,3068474,0.20,56.17,75.71,ok,exif_original,1.12,exif_thumbnail,ok
C:\Users\miyaj\Pictures\20260630_新宿エール\2026-06-30_18-19-35_174.jpeg,jpeg,3024,4032,2972901,0.15,55.68,75.11,ok,exif_original,1.12,exif_thumbnail,ok
C:\Users\miyaj\Pictures\20260630_新宿エール\2026-06-30_18-19-36_188.jpeg,jpeg,3024,4032,3285843,0.15,58.67,75.44,ok,exif_original,1.14,exif_thumbnail,ok
C:\Users\miyaj\Pictures\20260630_新宿エール\2026-06-30_18-19-37_351.jpeg,jpeg,3024,4032,3183623,0.14,57.88,77.30,ok,exif_original,1.19,exif_thumbnail,ok
C:\Users\miyaj\Pictures\20260630_新宿エール\2026-06-30_18-19-47_823.jpeg,jpeg,3024,4032,3123703,0.13,57.20,75.30,ok,exif_original,1.17,exif_thumbnail,ok
C:\Users\miyaj\Pictures\20260630_新宿エール\2026-06-30_18-19-48_328.jpeg,jpeg,3024,4032,2740618,0.14,53.42,75.30,ok,exif_original,1.12,exif_thumbnail,ok
C:\Users\miyaj\Pictures\20260630_新宿エール\2026-06-30_18-19-48_863.jpeg,jpeg,3024,4032,3048271,0.13,56.56,75.48,ok,exif_original,1.17,exif_thumbnail,ok
C:\Users\miyaj\Pictures\20260630_新宿エール\2026-06-30_18-19-49_473.jpeg,jpeg,3024,4032,2967771,0.13,56.10,75.84,ok,exif_original,1.18,exif_thumbnail,ok
C:\Users\miyaj\Pictures\20260630_新宿エール\2026-06-30_18-19-51_006.jpeg,jpeg,3024,4032,2865955,0.14,54.48,75.06,ok,exif_original,1.21,exif_thumbnail,ok
C:\Users\miyaj\Pictures\20260630_新宿エール\2026-06-30_18-19-51_744.jpeg,jpeg,3024,4032,2813942,0.14,53.95,75.19,ok,exif_original,1.18,exif_thumbnail,ok
C:\Users\miyaj\Pictures\20260630_新宿エール\2026-06-30_18-19-52_685.jpeg,jpeg,3024,4032,2870067,0.15,54.70,75.89,ok,exif_original,1.18,exif_thumbnail,ok
C:\Users\miyaj\Pictures\20260630_新宿エール\2026-06-30_18-19-53_907.jpeg,jpeg,3024,4032,2911630,0.14,55.41,75.54,ok,exif_original,1.17,exif_thumbnail,ok
C:\Users\miyaj\Pictures\20260630_新宿エール\2026-06-30_18-20-04_286.jpeg,jpeg,3024,4032,2852364,0.13,54.66,75.19,ok,exif_original,1.13,exif_thumbnail,ok
C:\Users\miyaj\Pictures\20260630_新宿エール\2026-06-30_18-20-04_730.jpeg,jpeg,3024,4032,2929711,0.14,55.41,76.68,ok,exif_original,1.17,exif_thumbnail,ok
C:\Users\miyaj\Pictures\20260630_新宿エール\2026-06-30_18-20-05_965.jpeg,jpeg,3024,4032,2636670,0.21,52.24,75.14,ok,exif_original,1.22,exif_thumbnail,ok
C:\Users\miyaj\Pictures\20260630_新宿エール\2026-06-30_18-20-06_709.jpeg,jpeg,3024,4032,2660681,0.07,52.69,76.04,ok,exif_original,1.21,exif_thumbnail,ok
C:\Users\miyaj\Pictures\20260630_新宿エール\2026-06-30_18-20-07_232.jpeg,jpeg,3024,4032,2951944,0.07,55.51,75.84,ok,exif_original,1.08,exif_thumbnail,ok
C:\Users\miyaj\Pictures\20260630_新宿エール\2026-06-30_18-20-07_991.jpeg,jpeg,3024,4032,3023922,0.07,56.70,75.72,ok,exif_original,1.08,exif_thumbnail,ok
C:\Users\miyaj\Pictures\20260630_新宿エール\2026-06-30_18-20-10_638.jpeg,jpeg,3024,4032,3183812,0.09,60.45,75.11,ok,exif_original,1.16,exif_thumbnail,ok
C:\Users\miyaj\Pictures\20260630_新宿エール\2026-06-30_18-20-11_036.jpeg,jpeg,3024,4032,3051802,0.08,58.99,75.03,ok,exif_original,1.16,exif_thumbnail,ok
C:\Users\miyaj\Pictures\20260630_新宿エール\2026-06-30_18-20-11_604.jpeg,jpeg,3024,4032,3027841,0.09,58.34,75.06,ok,exif_original,1.15,exif_thumbnail,ok
C:\Users\miyaj\Pictures\20260630_新宿エール\2026-06-30_18-20-14_157.jpeg,jpeg,3024,4032,2446398,0.07,52.10,76.67,ok,exif_original,1.13,exif_thumbnail,ok
C:\Users\miyaj\Pictures\20260630_新宿エール\2026-06-30_18-20-15_057.jpeg,jpeg,3024,4032,2482016,0.07,52.54,75.86,ok,exif_original,1.37,exif_thumbnail,ok
C:\Users\miyaj\Pictures\20260630_新宿エール\2026-06-30_18-20-16_016.jpeg,jpeg,3024,4032,2446688,0.08,52.57,75.97,ok,exif_original,1.10,exif_thumbnail,ok
C:\Users\miyaj\Pictures\20260630_新宿エール\2026-06-30_18-20-17_059.jpeg,jpeg,3024,4032,2542696,0.07,53.33,76.46,ok,exif_original,1.12,exif_thumbnail,ok
C:\Users\miyaj\Pictures\20260630_新宿エール\2026-06-30_18-20-19_022.jpeg,jpeg,3024,4032,2602798,0.07,54.18,76.43,ok,exif_original,1.08,exif_thumbnail,ok
C:\Users\miyaj\Pictures\20260630_新宿エール\2026-06-30_18-20-29_629.jpeg,jpeg,4032,3024,2379160,0.07,52.00,58.53,ok,exif_original,1.07,exif_thumbnail,ok
C:\Users\miyaj\Pictures\20260630_新宿エール\2026-06-30_18-20-31_051.jpeg,jpeg,4032,3024,2322338,0.15,51.49,58.76,ok,exif_original,1.12,exif_thumbnail,ok
C:\Users\miyaj\Pictures\20260630_新宿エール\2026-06-30_18-20-33_771.jpeg,jpeg,4032,3024,2407776,0.14,51.77,58.61,ok,exif_original,1.26,exif_thumbnail,ok
C:\Users\miyaj\Pictures\20260630_新宿エール\2026-06-30_18-20-34_703.jpeg,jpeg,4032,3024,2426144,0.07,52.44,59.09,ok,exif_original,1.19,exif_thumbnail,ok
C:\Users\miyaj\Pictures\20260630_新宿エール\2026-06-30_18-20-37_797.jpeg,jpeg,4032,3024,2355038,0.08,51.70,58.76,ok,exif_original,1.11,exif_thumbnail,ok
C:\Users\miyaj\Pictures\20260630_新宿エール\2026-06-30_18-20-40_428.jpeg,jpeg,4032,3024,2350094,0.15,50.00,59.03,ok,exif_original,1.16,exif_thumbnail,ok
C:\Users\miyaj\Pictures\20260630_新宿エール\2026-06-30_18-20-42_527.jpeg,jpeg,4032,3024,2438965,0.08,52.80,58.38,ok,exif_original,1.18,exif_thumbnail,ok
C:\Users\miyaj\Pictures\20260630_新宿エール\2026-06-30_18-20-43_265.jpeg,jpeg,4032,3024,2505348,0.08,52.99,57.73,ok,exif_original,1.17,exif_thumbnail,ok
C:\Users\miyaj\Pictures\20260630_新宿エール\2026-06-30_18-20-44_531.jpeg,jpeg,4032,3024,2509567,0.08,53.34,59.16,ok,exif_original,1.18,exif_thumbnail,ok
C:\Users\miyaj\Pictures\20260630_新宿エール\2026-06-30_18-20-45_813.jpeg,jpeg,4032,3024,2407126,0.08,53.19,64.74,ok,exif_original,1.20,exif_thumbnail,ok
C:\Users\miyaj\Pictures\20260630_新宿エール\2026-06-30_18-20-46_799.jpeg,jpeg,4032,3024,2511908,0.11,54.27,59.56,ok,exif_original,1.24,exif_thumbnail,ok
C:\Users\miyaj\Pictures\20260630_新宿エール\2026-06-30_18-20-47_676.jpeg,jpeg,4032,3024,2522667,0.07,53.24,58.62,ok,exif_original,1.18,exif_thumbnail,ok
C:\Users\miyaj\Pictures\20260630_新宿エール\2026-06-30_18-20-48_898.jpeg,jpeg,4032,3024,2536152,0.08,53.42,59.42,ok,exif_original,1.17,exif_thumbnail,ok
C:\Users\miyaj\Pictures\20260630_新宿エール\2026-06-30_18-20-49_871.jpeg,jpeg,4032,3024,2517452,0.26,55.05,58.52,ok,exif_original,1.38,exif_thumbnail,ok
C:\Users\miyaj\Pictures\20260630_新宿エール\2026-06-30_18-20-51_283.jpeg,jpeg,4032,3024,2514636,0.08,53.10,58.50,ok,exif_original,1.25,exif_thumbnail,ok
C:\Users\miyaj\Pictures\20260630_新宿エール\2026-06-30_18-20-52_527.jpeg,jpeg,4032,3024,2466618,0.07,52.81,58.44,ok,exif_original,1.17,exif_thumbnail,ok
C:\Users\miyaj\Pictures\20260630_新宿エール\2026-06-30_18-20-53_282.jpeg,jpeg,4032,3024,2470973,0.07,52.61,58.61,ok,exif_original,1.18,exif_thumbnail,ok
C:\Users\miyaj\Pictures\20260630_新宿エール\2026-06-30_18-20-57_506.jpeg,jpeg,4032,3024,2467898,0.07,53.31,58.37,ok,exif_original,1.18,exif_thumbnail,ok
C:\Users\miyaj\Pictures\20260630_新宿エール\2026-06-30_18-27-26_932.jpeg,jpeg,3024,4032,3079831,0.08,59.04,76.43,ok,exif_original,1.13,exif_thumbnail,ok
C:\Users\miyaj\Pictures\20260630_新宿エール\2026-06-30_18-27-27_299.jpeg,jpeg,3024,4032,3179748,0.07,59.47,74.72,ok,exif_original,1.10,exif_thumbnail,ok
C:\Users\miyaj\Pictures\20260630_新宿エール\2026-06-30_18-27-27_769.jpeg,jpeg,3024,4032,2841112,0.07,55.93,77.69,ok,exif_original,1.09,exif_thumbnail,ok
C:\Users\miyaj\Pictures\20260630_新宿エール\2026-06-30_18-27-28_191.jpeg,jpeg,3024,4032,3179899,0.07,59.43,75.04,ok,exif_original,1.08,exif_thumbnail,ok
C:\Users\miyaj\Pictures\20260630_新宿エール\2026-06-30_18-27-28_797.jpeg,jpeg,3024,4032,3689673,0.07,64.83,75.04,ok,exif_original,1.09,exif_thumbnail,ok
C:\Users\miyaj\Pictures\20260630_新宿エール\2026-06-30_18-27-29_426.jpeg,jpeg,3024,4032,3522230,0.07,62.75,75.50,ok,exif_original,1.09,exif_thumbnail,ok
C:\Users\miyaj\Pictures\20260630_新宿エール\2026-06-30_18-27-30_190.jpeg,jpeg,3024,4032,3155938,0.07,60.27,76.37,ok,exif_original,1.09,exif_thumbnail,ok
C:\Users\miyaj\Pictures\20260630_新宿エール\2026-06-30_18-27-30_923.jpeg,jpeg,3024,4032,3183957,0.07,58.87,75.71,ok,exif_original,1.08,exif_thumbnail,ok
C:\Users\miyaj\Pictures\20260630_新宿エール\2026-06-30_18-27-31_492.jpeg,jpeg,3024,4032,3312009,0.07,59.70,75.71,ok,exif_original,1.04,exif_thumbnail,ok
C:\Users\miyaj\Pictures\20260630_新宿エール\2026-06-30_18-27-32_120.jpeg,jpeg,3024,4032,3346914,0.12,60.16,76.30,ok,exif_original,1.17,exif_thumbnail,ok
C:\Users\miyaj\Pictures\20260630_新宿エール\2026-06-30_18-27-32_884.jpeg,jpeg,3024,4032,3309471,0.09,60.28,76.06,ok,exif_original,1.18,exif_thumbnail,ok
C:\Users\miyaj\Pictures\20260630_新宿エール\2026-06-30_18-27-33_515.jpeg,jpeg,3024,4032,3336647,0.07,61.08,76.03,ok,exif_original,1.12,exif_thumbnail,ok
C:\Users\miyaj\Pictures\20260630_新宿エール\2026-06-30_18-27-34_227.jpeg,jpeg,3024,4032,3272437,0.08,60.71,76.49,ok,exif_original,1.25,exif_thumbnail,ok
C:\Users\miyaj\Pictures\20260630_新宿エール\2026-06-30_18-27-34_753.jpeg,jpeg,3024,4032,3221653,0.07,59.06,77.46,ok,exif_original,1.09,exif_thumbnail,ok
C:\Users\miyaj\Pictures\20260630_新宿エール\2026-06-30_18-27-35_859.jpeg,jpeg,3024,4032,3124616,0.11,59.24,74.65,ok,exif_original,1.13,exif_thumbnail,ok
C:\Users\miyaj\Pictures\20260630_新宿エール\2026-06-30_18-27-36_483.jpeg,jpeg,3024,4032,2915695,0.09,57.78,76.10,ok,exif_original,1.11,exif_thumbnail,ok
C:\Users\miyaj\Pictures\20260630_新宿エール\2026-06-30_18-27-37_196.jpeg,jpeg,3024,4032,2902174,0.07,57.03,75.91,ok,exif_original,1.08,exif_thumbnail,ok
C:\Users\miyaj\Pictures\20260630_新宿エール\2026-06-30_18-27-38_034.jpeg,jpeg,3024,4032,2797986,0.25,55.83,76.67,ok,exif_original,1.31,exif_thumbnail,ok
C:\Users\miyaj\Pictures\20260630_新宿エール\2026-06-30_18-27-39_132.jpeg,jpeg,3024,4032,2870355,0.09,56.75,74.56,ok,exif_original,1.14,exif_thumbnail,ok
C:\Users\miyaj\Pictures\20260630_新宿エール\2026-06-30_18-27-40_177.jpeg,jpeg,3024,4032,2632018,0.08,54.09,75.42,ok,exif_original,1.08,exif_thumbnail,ok
C:\Users\miyaj\Pictures\20260630_新宿エール\2026-06-30_18-27-41_128.jpeg,jpeg,3024,4032,2720516,0.08,55.67,75.78,ok,exif_original,1.10,exif_thumbnail,ok
C:\Users\miyaj\Pictures\20260630_新宿エール\2026-06-30_18-27-41_942.jpeg,jpeg,3024,4032,2916695,0.07,56.51,76.20,ok,exif_original,1.09,exif_thumbnail,ok
C:\Users\miyaj\Pictures\20260630_新宿エール\2026-06-30_18-27-42_894.jpeg,jpeg,3024,4032,3483640,0.08,64.22,76.06,ok,exif_original,1.13,exif_thumbnail,ok
C:\Users\miyaj\Pictures\20260630_新宿エール\2026-06-30_18-27-50_313.jpeg,jpeg,3024,4032,3098478,0.13,57.86,75.16,ok,exif_original,1.21,exif_thumbnail,ok
C:\Users\miyaj\Pictures\20260630_新宿エール\2026-06-30_18-27-51_437.jpeg,jpeg,3024,4032,3119337,0.09,59.39,75.82,ok,exif_original,1.12,exif_thumbnail,ok
C:\Users\miyaj\Pictures\20260630_新宿エール\2026-06-30_18-27-52_896.jpeg,jpeg,3024,4032,3066126,0.08,58.51,75.17,ok,exif_original,1.12,exif_thumbnail,ok
C:\Users\miyaj\Pictures\20260630_新宿エール\2026-06-30_18-27-54_530.jpeg,jpeg,3024,4032,2967830,0.07,57.20,75.70,ok,exif_original,1.09,exif_thumbnail,ok
C:\Users\miyaj\Pictures\20260630_新宿エール\2026-06-30_18-27-55_276.jpeg,jpeg,3024,4032,3297979,0.07,59.90,75.44,ok,exif_original,1.11,exif_thumbnail,ok
C:\Users\miyaj\Pictures\20260630_新宿エール\2026-06-30_18-27-55_941.jpeg,jpeg,3024,4032,3172361,0.07,59.03,75.60,ok,exif_original,1.10,exif_thumbnail,ok
C:\Users\miyaj\Pictures\20260630_新宿エール\2026-06-30_18-27-59_098.jpeg,jpeg,3024,4032,3028129,0.08,59.59,74.74,ok,exif_original,1.12,exif_thumbnail,ok
C:\Users\miyaj\Pictures\20260630_新宿エール\2026-06-30_18-27-59_840.jpeg,jpeg,3024,4032,2824888,0.09,56.93,74.88,ok,exif_original,1.10,exif_thumbnail,ok
C:\Users\miyaj\Pictures\20260630_新宿エール\2026-06-30_18-28-03_106.jpeg,jpeg,3024,4032,3005728,0.07,57.72,76.60,ok,exif_original,1.08,exif_thumbnail,ok
C:\Users\miyaj\Pictures\20260630_新宿エール\2026-06-30_18-28-03_862.jpeg,jpeg,3024,4032,2961816,0.07,58.03,75.92,ok,exif_original,1.09,exif_thumbnail,ok
C:\Users\miyaj\Pictures\20260630_新宿エール\2026-06-30_18-28-04_643.jpeg,jpeg,3024,4032,2984887,0.08,58.10,75.57,ok,exif_original,1.10,exif_thumbnail,ok
C:\Users\miyaj\Pictures\20260630_新宿エール\2026-06-30_18-28-05_606.jpeg,jpeg,3024,4032,3114130,0.13,59.03,75.51,ok,exif_original,1.18,exif_thumbnail,ok
C:\Users\miyaj\Pictures\20260630_新宿エール\2026-06-30_18-28-06_751.jpeg,jpeg,3024,4032,3274442,0.07,60.18,75.37,ok,exif_original,1.10,exif_thumbnail,ok
C:\Users\miyaj\Pictures\20260630_新宿エール\2026-06-30_18-28-07_469.jpeg,jpeg,3024,4032,3473151,0.08,62.30,74.78,ok,exif_original,1.03,exif_thumbnail,ok
C:\Users\miyaj\Pictures\20260630_新宿エール\2026-06-30_18-28-08_222.jpeg,jpeg,3024,4032,3398242,0.08,61.48,76.32,ok,exif_original,1.01,exif_thumbnail,ok
C:\Users\miyaj\Pictures\20260630_新宿エール\2026-06-30_18-28-09_320.jpeg,jpeg,3024,4032,3327702,0.07,60.64,75.44,ok,exif_original,1.09,exif_thumbnail,ok
C:\Users\miyaj\Pictures\20260630_新宿エール\2026-06-30_18-28-10_096.jpeg,jpeg,3024,4032,3197170,0.14,59.17,76.50,ok,exif_original,1.18,exif_thumbnail,ok
C:\Users\miyaj\Pictures\20260630_新宿エール\2026-06-30_18-28-11_293.jpeg,jpeg,3024,4032,3354582,0.12,61.28,74.95,ok,exif_original,1.16,exif_thumbnail,ok
C:\Users\miyaj\Pictures\20260630_新宿エール\2026-06-30_18-28-12_264.jpeg,jpeg,3024,4032,2926724,0.10,57.96,76.21,ok,exif_original,1.12,exif_thumbnail,ok
C:\Users\miyaj\Pictures\20260630_新宿エール\2026-06-30_18-28-25_001.jpeg,jpeg,3024,4032,2958351,0.08,57.12,76.12,ok,exif_original,1.03,exif_thumbnail,ok
C:\Users\miyaj\Pictures\20260630_新宿エール\2026-06-30_18-28-25_678.jpeg,jpeg,3024,4032,2863831,0.13,55.92,76.61,ok,exif_original,1.19,exif_thumbnail,ok
C:\Users\miyaj\Pictures\20260630_新宿エール\2026-06-30_18-28-26_426.jpeg,jpeg,3024,4032,2733375,0.08,54.89,75.17,ok,exif_original,1.09,exif_thumbnail,ok
C:\Users\miyaj\Pictures\20260630_新宿エール\2026-06-30_18-28-27_459.jpeg,jpeg,3024,4032,3067638,0.07,58.16,76.29,ok,exif_original,1.09,exif_thumbnail,ok
C:\Users\miyaj\Pictures\20260630_新宿エール\2026-06-30_18-28-28_682.jpeg,jpeg,3024,4032,3163964,0.17,60.01,75.65,ok,exif_original,1.18,exif_thumbnail,ok
C:\Users\miyaj\Pictures\20260630_新宿エール\2026-06-30_18-28-30_495.jpeg,jpeg,3024,4032,2719712,0.08,54.87,76.28,ok,exif_original,1.09,exif_thumbnail,ok
C:\Users\miyaj\Pictures\20260630_新宿エール\2026-06-30_18-28-31_772.jpeg,jpeg,3024,4032,2878326,0.07,57.35,74.82,ok,exif_original,1.03,exif_thumbnail,ok
C:\Users\miyaj\Pictures\20260630_新宿エール\2026-06-30_18-28-34_307.jpeg,jpeg,3024,4032,2903250,0.08,55.53,74.65,ok,exif_original,1.10,exif_thumbnail,ok
C:\Users\miyaj\Pictures\20260630_新宿エール\2026-06-30_18-28-37_281.jpeg,jpeg,3024,4032,3165755,0.08,60.87,75.45,ok,exif_original,1.12,exif_thumbnail,ok
C:\Users\miyaj\Pictures\20260630_新宿エール\2026-06-30_18-28-37_776.jpeg,jpeg,3024,4032,3059178,0.08,60.04,75.80,ok,exif_original,1.14,exif_thumbnail,ok
C:\Users\miyaj\Pictures\20260630_新宿エール\2026-06-30_18-28-41_631.jpeg,jpeg,4032,3024,3318811,0.07,61.54,58.87,ok,exif_original,1.12,exif_thumbnail,ok
C:\Users\miyaj\Pictures\20260630_新宿エール\2026-06-30_18-28-43_011.jpeg,jpeg,4032,3024,3159028,0.07,61.14,59.12,ok,exif_original,1.11,exif_thumbnail,ok
C:\Users\miyaj\Pictures\20260630_新宿エール\2026-06-30_18-28-44_029.jpeg,jpeg,4032,3024,3309747,0.07,61.68,58.44,ok,exif_original,1.11,exif_thumbnail,ok
C:\Users\miyaj\Pictures\20260630_新宿エール\2026-06-30_18-28-45_300.jpeg,jpeg,4032,3024,3119995,0.07,60.55,58.42,ok,exif_original,1.22,exif_thumbnail,ok
C:\Users\miyaj\Pictures\20260630_新宿エール\2026-06-30_18-37-56_159.jpeg,jpeg,5712,4284,4964365,0.09,110.34,156.69,ok,exif_original,1.11,exif_thumbnail,ok
C:\Users\miyaj\Pictures\20260630_新宿エール\2026-06-30_18-37-58_263.jpeg,jpeg,5712,4284,5066993,0.10,110.56,156.74,ok,exif_original,1.09,exif_thumbnail,ok
C:\Users\miyaj\Pictures\20260630_新宿エール\2026-06-30_18-37-59_062.jpeg,jpeg,5712,4284,4954324,0.12,109.57,157.83,ok,exif_original,1.03,exif_thumbnail,ok
C:\Users\miyaj\Pictures\20260630_新宿エール\2026-06-30_18-38-07_898.jpeg,jpeg,4284,5712,3988631,0.08,98.24,171.43,ok,exif_original,1.00,exif_thumbnail,ok
C:\Users\miyaj\Pictures\20260630_新宿エール\2026-06-30_18-38-10_511.jpeg,jpeg,4284,5712,4278956,0.08,101.01,171.27,ok,exif_original,1.00,exif_thumbnail,ok
C:\Users\miyaj\Pictures\20260630_新宿エール\2026-06-30_18-38-13_913.jpeg,jpeg,4284,5712,4844034,0.09,106.71,171.51,ok,exif_original,0.99,exif_thumbnail,ok
C:\Users\miyaj\Pictures\20260630_新宿エール\2026-06-30_18-38-16_994.jpeg,jpeg,4284,5712,4410086,0.10,103.85,171.73,ok,exif_original,1.02,exif_thumbnail,ok
C:\Users\miyaj\Pictures\20260630_新宿エール\2026-06-30_18-38-19_215.jpeg,jpeg,4284,5712,4150591,0.10,99.96,171.53,ok,exif_original,1.05,exif_thumbnail,ok
C:\Users\miyaj\Pictures\20260630_新宿エール\2026-06-30_18-43-12_624.jpeg,jpeg,4284,5712,3989350,0.08,97.58,171.30,ok,exif_original,1.02,exif_thumbnail,ok
C:\Users\miyaj\Pictures\20260630_新宿エール\2026-06-30_18-43-23_384.jpeg,jpeg,4284,5712,4068991,0.07,98.28,171.10,ok,exif_original,1.04,exif_thumbnail,ok
C:\Users\miyaj\Pictures\20260630_新宿エール\2026-06-30_18-43-26_538.jpeg,jpeg,4284,5712,4057748,0.08,97.22,171.49,ok,exif_original,1.04,exif_thumbnail,ok
C:\Users\miyaj\Pictures\20260630_新宿エール\2026-06-30_18-43-28_629.jpeg,jpeg,4284,5712,4036745,0.07,95.87,171.31,ok,exif_original,0.93,exif_thumbnail,ok
C:\Users\miyaj\Pictures\20260630_新宿エール\2026-06-30_18-43-30_193.jpeg,jpeg,4284,5712,3567587,0.07,92.15,171.10,ok,exif_original,0.95,exif_thumbnail,ok
C:\Users\miyaj\Pictures\20260630_新宿エール\2026-06-30_18-43-31_778.jpeg,jpeg,4284,5712,3810843,0.07,94.22,171.82,ok,exif_original,1.04,exif_thumbnail,ok
C:\Users\miyaj\Pictures\20260630_新宿エール\2026-06-30_18-43-36_916.jpeg,jpeg,4284,5712,3700939,0.15,92.34,171.96,ok,exif_original,1.24,exif_thumbnail,ok
C:\Users\miyaj\Pictures\20260630_新宿エール\2026-06-30_18-43-38_079.jpeg,jpeg,4284,5712,3656588,0.07,93.78,171.83,ok,exif_original,0.95,exif_thumbnail,ok
C:\Users\miyaj\Pictures\20260630_新宿エール\2026-06-30_18-43-46_003.jpeg,jpeg,3024,4032,2499296,0.10,51.16,75.63,ok,exif_original,0.98,exif_thumbnail,ok
C:\Users\miyaj\Pictures\20260630_新宿エール\2026-06-30_18-43-47_763.jpeg,jpeg,3024,4032,2716283,0.14,53.17,75.83,ok,exif_original,1.03,exif_thumbnail,ok
C:\Users\miyaj\Pictures\20260630_新宿エール\2026-06-30_18-43-48_754.jpeg,jpeg,3024,4032,2732643,0.07,53.78,76.39,ok,exif_original,0.97,exif_thumbnail,ok
C:\Users\miyaj\Pictures\20260630_新宿エール\2026-06-30_18-43-50_194.jpeg,jpeg,3024,4032,2745341,0.15,53.70,75.85,ok,exif_original,1.09,exif_thumbnail,ok
C:\Users\miyaj\Pictures\20260630_新宿エール\2026-06-30_18-43-51_002.jpeg,jpeg,3024,4032,2762624,0.07,53.57,76.08,ok,exif_original,1.02,exif_thumbnail,ok
C:\Users\miyaj\Pictures\20260630_新宿エール\2026-06-30_18-43-58_342.jpeg,jpeg,3024,4032,2525683,0.07,50.43,76.31,ok,exif_original,1.05,exif_thumbnail,ok
C:\Users\miyaj\Pictures\20260630_新宿エール\2026-06-30_18-43-59_141.jpeg,jpeg,3024,4032,2585303,0.07,51.49,74.52,ok,exif_original,0.97,exif_thumbnail,ok
C:\Users\miyaj\Pictures\20260630_新宿エール\2026-06-30_18-44-00_460.jpeg,jpeg,3024,4032,2554116,0.07,51.36,74.91,ok,exif_original,0.94,exif_thumbnail,ok
C:\Users\miyaj\Pictures\20260630_新宿エール\2026-06-30_18-44-01_577.jpeg,jpeg,3024,4032,2612098,0.08,52.18,75.19,ok,exif_original,1.05,exif_thumbnail,ok
C:\Users\miyaj\Pictures\20260630_新宿エール\2026-06-30_18-44-02_848.jpeg,jpeg,3024,4032,2642362,0.09,52.28,75.37,ok,exif_original,1.00,exif_thumbnail,ok
C:\Users\miyaj\Pictures\20260630_新宿エール\2026-06-30_18-44-04_025.jpeg,jpeg,3024,4032,2523112,0.08,51.90,76.13,ok,exif_original,0.97,exif_thumbnail,ok
C:\Users\miyaj\Pictures\20260630_新宿エール\2026-06-30_18-44-05_639.jpeg,jpeg,3024,4032,2424943,0.08,51.93,75.04,ok,exif_original,1.07,exif_thumbnail,ok
C:\Users\miyaj\Pictures\20260630_新宿エール\2026-06-30_18-44-07_968.jpeg,jpeg,3024,4032,2522711,0.08,51.20,76.13,ok,exif_original,1.02,exif_thumbnail,ok
C:\Users\miyaj\Pictures\20260630_新宿エール\2026-06-30_18-44-09_304.jpeg,jpeg,3024,4032,2490623,0.08,49.95,76.02,ok,exif_original,1.01,exif_thumbnail,ok
C:\Users\miyaj\Pictures\20260630_新宿エール\2026-06-30_18-44-12_897.jpeg,jpeg,3024,4032,2925143,0.14,55.21,74.73,ok,exif_original,1.17,exif_thumbnail,ok
C:\Users\miyaj\Pictures\20260630_新宿エール\2026-06-30_18-44-13_387.jpeg,jpeg,3024,4032,2577973,0.07,51.96,74.76,ok,exif_original,1.11,exif_thumbnail,ok
C:\Users\miyaj\Pictures\20260630_新宿エール\2026-06-30_18-44-14_413.jpeg,jpeg,3024,4032,2638457,0.07,51.87,75.49,ok,exif_original,1.06,exif_thumbnail,ok
C:\Users\miyaj\Pictures\20260630_新宿エール\2026-06-30_18-44-15_060.jpeg,jpeg,3024,4032,2558559,0.08,51.52,75.81,ok,exif_original,1.05,exif_thumbnail,ok
C:\Users\miyaj\Pictures\20260630_新宿エール\2026-06-30_18-44-16_512.jpeg,jpeg,3024,4032,2609398,0.07,52.07,76.11,ok,exif_original,0.98,exif_thumbnail,ok
C:\Users\miyaj\Pictures\20260630_新宿エール\2026-06-30_18-44-17_960.jpeg,jpeg,3024,4032,2589895,0.08,51.71,76.54,ok,exif_original,1.06,exif_thumbnail,ok
C:\Users\miyaj\Pictures\20260630_新宿エール\2026-06-30_18-44-18_600.jpeg,jpeg,3024,4032,2678536,0.08,52.71,76.18,ok,exif_original,1.08,exif_thumbnail,ok
C:\Users\miyaj\Pictures\20260630_新宿エール\2026-06-30_18-47-55_482.jpeg,jpeg,2160,2880,2958501,0.08,46.64,23.33,ok,exif_original,0.97,exif_thumbnail,ok
C:\Users\miyaj\Pictures\20260630_新宿エール\2026-06-30_18-47-56_489.jpeg,jpeg,2160,2880,3121153,0.08,48.22,23.00,ok,exif_original,0.96,exif_thumbnail,ok
C:\Users\miyaj\Pictures\20260630_新宿エール\2026-06-30_18-47-57_602.jpeg,jpeg,2160,2880,3108092,0.09,48.09,23.19,ok,exif_original,0.94,exif_thumbnail,ok
C:\Users\miyaj\Pictures\20260630_新宿エール\2026-06-30_18-47-59_057.jpeg,jpeg,2160,2880,3157180,0.07,48.87,23.40,ok,exif_original,0.99,exif_thumbnail,ok
C:\Users\miyaj\Pictures\20260630_新宿エール\2026-06-30_18-48-00_713.jpeg,jpeg,2160,2880,3145118,0.15,48.83,23.60,ok,exif_original,1.09,exif_thumbnail,ok
C:\Users\miyaj\Pictures\20260630_新宿エール\2026-06-30_18-48-02_053.jpeg,jpeg,2160,2880,3079045,0.07,47.98,23.43,ok,exif_original,0.98,exif_thumbnail,ok
C:\Users\miyaj\Pictures\20260630_新宿エール\2026-06-30_18-48-02_904.jpeg,jpeg,2160,2880,3079585,0.07,47.83,23.61,ok,exif_original,0.98,exif_thumbnail,ok
C:\Users\miyaj\Pictures\20260630_新宿エール\2026-06-30_18-48-05_079.jpeg,jpeg,2160,2880,2949540,0.07,46.83,23.37,ok,exif_original,1.07,exif_thumbnail,ok
C:\Users\miyaj\Pictures\20260630_新宿エール\2026-06-30_18-48-09_950.jpeg,jpeg,2160,2880,3125207,0.07,48.63,23.51,ok,exif_original,1.01,exif_thumbnail,ok
C:\Users\miyaj\Pictures\20260630_新宿エール\2026-06-30_19-08-49_760.jpeg,jpeg,3024,4032,2789607,0.09,53.51,76.06,ok,exif_original,1.01,exif_thumbnail,ok
C:\Users\miyaj\Pictures\20260630_新宿エール\2026-06-30_19-08-50_993.jpeg,jpeg,3024,4032,2896039,0.07,54.61,75.48,ok,exif_original,0.98,exif_thumbnail,ok
C:\Users\miyaj\Pictures\20260630_新宿エール\2026-06-30_19-08-54_347.jpeg,jpeg,3024,4032,2693493,0.07,52.56,75.25,ok,exif_original,0.93,exif_thumbnail,ok
C:\Users\miyaj\Pictures\20260630_新宿エール\2026-06-30_19-08-55_025.jpeg,jpeg,3024,4032,2586952,0.07,51.36,75.50,ok,exif_original,0.95,exif_thumbnail,ok
C:\Users\miyaj\Pictures\20260630_新宿エール\2026-06-30_19-08-56_261.jpeg,jpeg,3024,4032,2498416,0.07,51.00,74.82,ok,exif_original,1.06,exif_thumbnail,ok
C:\Users\miyaj\Pictures\20260630_新宿エール\2026-06-30_19-08-57_442.jpeg,jpeg,3024,4032,2496448,0.07,50.22,76.02,ok,exif_original,0.95,exif_thumbnail,ok
C:\Users\miyaj\Pictures\20260630_新宿エール\2026-06-30_19-08-58_325.jpeg,jpeg,3024,4032,2659952,0.08,52.09,75.35,ok,exif_original,0.99,exif_thumbnail,ok
C:\Users\miyaj\Pictures\20260630_新宿エール\2026-06-30_19-08-59_823.jpeg,jpeg,3024,4032,2767969,0.07,53.57,76.17,ok,exif_original,0.98,exif_thumbnail,ok
C:\Users\miyaj\Pictures\20260630_新宿エール\2026-06-30_19-09-01_717.jpeg,jpeg,3024,4032,2788844,0.07,53.63,75.65,ok,exif_original,1.06,exif_thumbnail,ok
C:\Users\miyaj\Pictures\20260630_新宿エール\2026-06-30_19-09-04_036.jpeg,jpeg,3024,4032,2468397,0.14,52.61,74.48,ok,exif_original,1.18,exif_thumbnail,ok
C:\Users\miyaj\Pictures\20260630_新宿エール\2026-06-30_19-09-06_867.jpeg,jpeg,3024,4032,2442155,0.07,50.47,75.36,ok,exif_original,0.93,exif_thumbnail,ok
C:\Users\miyaj\Pictures\20260630_新宿エール\2026-06-30_19-09-07_851.jpeg,jpeg,3024,4032,2305413,0.14,50.72,76.19,ok,exif_original,1.09,exif_thumbnail,ok
C:\Users\miyaj\Pictures\20260630_新宿エール\2026-06-30_19-09-11_051.jpeg,jpeg,3024,4032,2434853,0.08,50.08,75.63,ok,exif_original,0.94,exif_thumbnail,ok
C:\Users\miyaj\Pictures\20260630_新宿エール\2026-06-30_19-09-11_604.jpeg,jpeg,3024,4032,2434060,0.07,49.78,74.21,ok,exif_original,0.91,exif_thumbnail,ok
C:\Users\miyaj\Pictures\20260630_新宿エール\2026-06-30_19-09-12_734.jpeg,jpeg,3024,4032,2508405,0.08,50.47,75.22,ok,exif_original,0.99,exif_thumbnail,ok
C:\Users\miyaj\Pictures\20260630_新宿エール\2026-06-30_19-09-15_064.jpeg,jpeg,3024,4032,2390331,0.07,50.05,75.38,ok,exif_original,0.94,exif_thumbnail,ok
C:\Users\miyaj\Pictures\20260630_新宿エール\2026-06-30_19-09-16_286.jpeg,jpeg,3024,4032,2324905,0.07,49.15,75.44,ok,exif_original,1.01,exif_thumbnail,ok
C:\Users\miyaj\Pictures\20260630_新宿エール\2026-06-30_19-09-17_102.jpeg,jpeg,3024,4032,2494175,0.07,50.60,74.76,ok,exif_original,0.92,exif_thumbnail,ok
C:\Users\miyaj\Pictures\20260630_新宿エール\2026-06-30_19-09-20_649.jpeg,jpeg,3024,4032,2971410,0.07,55.84,75.25,ok,exif_original,1.00,exif_thumbnail,ok
C:\Users\miyaj\Pictures\20260630_新宿エール\2026-06-30_19-09-21_169.jpeg,jpeg,3024,4032,3052176,0.07,58.02,75.43,ok,exif_original,1.08,exif_thumbnail,ok
C:\Users\miyaj\Pictures\20260630_新宿エール\2026-06-30_19-09-22_247.jpeg,jpeg,3024,4032,2853450,0.08,55.30,76.05,ok,exif_original,1.05,exif_thumbnail,ok
C:\Users\miyaj\Pictures\20260630_新宿エール\2026-06-30_19-09-23_580.jpeg,jpeg,3024,4032,2871954,0.07,54.64,76.25,ok,exif_original,0.96,exif_thumbnail,ok
C:\Users\miyaj\Pictures\20260630_新宿エール\2026-06-30_19-09-25_540.jpeg,jpeg,3024,4032,2558487,0.15,51.69,76.18,ok,exif_original,1.11,exif_thumbnail,ok
C:\Users\miyaj\Pictures\20260630_新宿エール\2026-06-30_19-09-26_062.jpeg,jpeg,3024,4032,2523905,0.07,51.35,74.13,ok,exif_original,0.99,exif_thumbnail,ok
C:\Users\miyaj\Pictures\20260630_新宿エール\2026-06-30_19-09-27_067.jpeg,jpeg,3024,4032,2239083,0.07,49.62,74.99,ok,exif_original,0.92,exif_thumbnail,ok
C:\Users\miyaj\Pictures\20260630_新宿エール\2026-06-30_19-09-28_497.jpeg,jpeg,3024,4032,2361741,0.12,51.40,74.57,ok,exif_original,1.01,exif_thumbnail,ok
C:\Users\miyaj\Pictures\20260630_新宿エール\2026-06-30_19-09-30_208.jpeg,jpeg,3024,4032,2372633,0.08,48.63,75.94,ok,exif_original,0.92,exif_thumbnail,ok
C:\Users\miyaj\Pictures\20260630_新宿エール\2026-06-30_19-09-32_031.jpeg,jpeg,3024,4032,2657117,0.19,51.65,76.52,ok,exif_original,1.07,exif_thumbnail,ok
C:\Users\miyaj\Pictures\20260630_新宿エール\2026-06-30_19-16-11_567.jpeg,jpeg,3024,4032,2260539,0.07,49.12,77.53,ok,exif_original,0.99,exif_thumbnail,ok
C:\Users\miyaj\Pictures\20260630_新宿エール\2026-06-30_19-16-12_493.jpeg,jpeg,3024,4032,2281864,0.07,49.65,75.99,ok,exif_original,1.11,exif_thumbnail,ok
C:\Users\miyaj\Pictures\20260630_新宿エール\2026-06-30_19-16-13_735.jpeg,jpeg,3024,4032,2261272,0.07,49.37,77.18,ok,exif_original,1.02,exif_thumbnail,ok
C:\Users\miyaj\Pictures\20260630_新宿エール\2026-06-30_19-16-14_992.jpeg,jpeg,3024,4032,2243330,0.07,49.17,76.12,ok,exif_original,1.03,exif_thumbnail,ok
C:\Users\miyaj\Pictures\20260630_新宿エール\2026-06-30_19-16-15_757.jpeg,jpeg,3024,4032,2322141,0.07,50.12,76.11,ok,exif_original,1.01,exif_thumbnail,ok
C:\Users\miyaj\Pictures\20260630_新宿エール\2026-06-30_19-16-16_532.jpeg,jpeg,3024,4032,2252298,0.07,49.48,76.13,ok,exif_original,1.17,exif_thumbnail,ok
C:\Users\miyaj\Pictures\20260630_新宿エール\2026-06-30_19-16-17_227.jpeg,jpeg,3024,4032,2346547,0.07,49.89,75.02,ok,exif_original,1.03,exif_thumbnail,ok
C:\Users\miyaj\Pictures\20260630_新宿エール\2026-06-30_19-16-18_281.jpeg,jpeg,3024,4032,2308039,0.07,49.72,76.15,ok,exif_original,1.02,exif_thumbnail,ok
C:\Users\miyaj\Pictures\20260630_新宿エール\2026-06-30_19-16-19_317.jpeg,jpeg,3024,4032,2313725,0.08,50.05,75.02,ok,exif_original,1.05,exif_thumbnail,ok
C:\Users\miyaj\Pictures\20260630_新宿エール\2026-06-30_19-16-20_188.jpeg,jpeg,3024,4032,2287496,0.08,49.06,75.73,ok,exif_original,1.28,exif_thumbnail,ok
C:\Users\miyaj\Pictures\20260630_新宿エール\2026-06-30_19-16-21_038.jpeg,jpeg,3024,4032,2300639,0.08,49.90,76.75,ok,exif_original,0.99,exif_thumbnail,ok
C:\Users\miyaj\Pictures\20260630_新宿エール\2026-06-30_19-16-21_815.jpeg,jpeg,3024,4032,2389469,0.07,50.36,75.37,ok,exif_original,1.08,exif_thumbnail,ok
C:\Users\miyaj\Pictures\20260630_新宿エール\2026-06-30_19-16-23_225.jpeg,jpeg,3024,4032,2184339,0.07,49.50,74.47,ok,exif_original,1.03,exif_thumbnail,ok
C:\Users\miyaj\Pictures\20260630_新宿エール\2026-06-30_19-16-24_071.jpeg,jpeg,3024,4032,2244417,0.07,50.43,74.47,ok,exif_original,1.01,exif_thumbnail,ok
C:\Users\miyaj\Pictures\20260630_新宿エール\2026-06-30_19-16-24_771.jpeg,jpeg,3024,4032,2209332,0.07,49.99,74.60,ok,exif_original,1.04,exif_thumbnail,ok
C:\Users\miyaj\Pictures\20260630_新宿エール\2026-06-30_19-16-25_644.jpeg,jpeg,3024,4032,2332776,0.08,49.80,75.04,ok,exif_original,1.02,exif_thumbnail,ok
C:\Users\miyaj\Pictures\20260630_新宿エール\2026-06-30_19-16-27_174.jpeg,jpeg,3024,4032,2327887,0.07,50.12,74.58,ok,exif_original,1.01,exif_thumbnail,ok
C:\Users\miyaj\Pictures\20260630_新宿エール\2026-06-30_19-16-28_111.jpeg,jpeg,3024,4032,2288599,0.07,49.38,75.06,ok,exif_original,1.10,exif_thumbnail,ok
C:\Users\miyaj\Pictures\20260630_新宿エール\2026-06-30_19-16-28_846.jpeg,jpeg,3024,4032,2342548,0.08,50.40,76.18,ok,exif_original,1.01,exif_thumbnail,ok
C:\Users\miyaj\Pictures\20260630_新宿エール\2026-06-30_19-16-29_590.jpeg,jpeg,3024,4032,2328283,0.07,49.86,75.83,ok,exif_original,1.02,exif_thumbnail,ok
C:\Users\miyaj\Pictures\20260630_新宿エール\2026-06-30_19-16-33_580.jpeg,jpeg,4284,5712,5457474,0.08,112.38,171.59,ok,exif_original,1.15,exif_thumbnail,ok
C:\Users\miyaj\Pictures\20260630_新宿エール\2026-06-30_19-16-34_025.jpeg,jpeg,4284,5712,5467680,0.08,112.82,171.62,ok,exif_original,1.06,exif_thumbnail,ok
C:\Users\miyaj\Pictures\20260630_新宿エール\2026-06-30_19-16-34_594.jpeg,jpeg,4284,5712,5504635,0.14,112.81,171.74,ok,exif_original,1.19,exif_thumbnail,ok
C:\Users\miyaj\Pictures\20260630_新宿エール\2026-06-30_19-16-35_105.jpeg,jpeg,4284,5712,5579613,0.10,114.61,171.59,ok,exif_original,1.11,exif_thumbnail,ok
C:\Users\miyaj\Pictures\20260630_新宿エール\2026-06-30_19-16-35_650.jpeg,jpeg,4284,5712,5566201,0.07,114.04,171.76,ok,exif_original,1.04,exif_thumbnail,ok
C:\Users\miyaj\Pictures\20260630_新宿エール\2026-06-30_19-16-36_195.jpeg,jpeg,4284,5712,5449705,0.08,114.51,172.43,ok,exif_original,1.06,exif_thumbnail,ok
C:\Users\miyaj\Pictures\20260630_新宿エール\2026-06-30_19-20-25_016.jpeg,jpeg,4032,3024,2337121,0.09,54.29,58.72,ok,exif_original,1.11,exif_thumbnail,ok
C:\Users\miyaj\Pictures\20260630_新宿エール\2026-06-30_19-20-35_026.jpeg,jpeg,4032,3024,2315788,0.08,53.47,58.04,ok,exif_original,1.06,exif_thumbnail,ok
C:\Users\miyaj\Pictures\20260630_新宿エール\2026-06-30_19-20-36_292.jpeg,jpeg,4032,3024,2472377,0.07,54.76,58.60,ok,exif_original,1.04,exif_thumbnail,ok
C:\Users\miyaj\Pictures\20260630_新宿エール\2026-06-30_19-22-33_092.jpeg,jpeg,4284,5712,4584481,0.07,103.06,171.59,ok,exif_original,1.03,exif_thumbnail,ok
C:\Users\miyaj\Pictures\20260630_新宿エール\2026-06-30_19-22-42_213.jpeg,jpeg,3024,4032,2475134,0.22,51.69,74.15,ok,exif_original,1.05,exif_thumbnail,ok
C:\Users\miyaj\Pictures\20260630_新宿エール\2026-06-30_19-22-44_359.jpeg,jpeg,3024,4032,2347663,0.08,51.02,76.31,ok,exif_original,1.04,exif_thumbnail,ok
C:\Users\miyaj\Pictures\20260630_新宿エール\2026-06-30_19-22-51_746.jpeg,jpeg,3024,4032,3272630,0.08,57.94,75.12,ok,exif_original,1.08,exif_thumbnail,ok
C:\Users\miyaj\Pictures\20260630_新宿エール\2026-06-30_19-22-52_969.jpeg,jpeg,3024,4032,2996854,0.07,55.28,76.19,ok,exif_original,0.99,exif_thumbnail,ok
C:\Users\miyaj\Pictures\20260630_新宿エール\2026-06-30_19-22-58_184.jpeg,jpeg,3024,4032,2667404,0.15,54.49,74.85,ok,exif_original,1.09,exif_thumbnail,ok
C:\Users\miyaj\Pictures\20260630_新宿エール\2026-06-30_19-23-00_327.jpeg,jpeg,3024,4032,2445749,0.07,52.37,75.79,ok,exif_original,1.01,exif_thumbnail,ok
C:\Users\miyaj\Pictures\20260630_新宿エール\2026-06-30_19-23-04_944.jpeg,jpeg,3024,4032,2721072,0.07,54.98,76.01,ok,exif_original,1.02,exif_thumbnail,ok
C:\Users\miyaj\Pictures\20260630_新宿エール\2026-06-30_19-23-08_128.jpeg,jpeg,3024,4032,2661272,0.14,54.54,75.26,ok,exif_original,1.06,exif_thumbnail,ok
C:\Users\miyaj\Pictures\20260630_新宿エール\2026-06-30_19-23-09_928.jpeg,jpeg,3024,4032,2582608,0.07,53.54,74.66,ok,exif_original,0.98,exif_thumbnail,ok
C:\Users\miyaj\Pictures\20260630_新宿エール\2026-06-30_19-23-12_552.jpeg,jpeg,3024,4032,2495405,0.08,50.56,75.87,ok,exif_original,0.96,exif_thumbnail,ok
C:\Users\miyaj\Pictures\20260630_新宿エール\2026-06-30_19-23-14_024.jpeg,jpeg,3024,4032,2607757,0.07,51.82,75.29,ok,exif_original,0.95,exif_thumbnail,ok
C:\Users\miyaj\Pictures\20260630_新宿エール\2026-06-30_19-23-15_286.jpeg,jpeg,3024,4032,2790948,0.14,54.34,74.77,ok,exif_original,1.39,exif_thumbnail,ok
C:\Users\miyaj\Pictures\20260630_新宿エール\2026-06-30_19-23-16_353.jpeg,jpeg,3024,4032,2866436,0.07,54.26,75.92,ok,exif_original,0.96,exif_thumbnail,ok
C:\Users\miyaj\Pictures\20260630_新宿エール\2026-06-30_19-23-32_878.jpeg,jpeg,3024,4032,3053442,0.14,56.36,75.75,ok,exif_original,1.13,exif_thumbnail,ok
C:\Users\miyaj\Pictures\20260630_新宿エール\2026-06-30_19-23-34_642.jpeg,jpeg,3024,4032,2679591,0.08,54.73,75.37,ok,exif_original,1.05,exif_thumbnail,ok
C:\Users\miyaj\Pictures\20260630_新宿エール\2026-06-30_19-23-39_966.jpeg,jpeg,3024,4032,2826720,0.17,56.30,76.34,ok,exif_original,1.12,exif_thumbnail,ok
C:\Users\miyaj\Pictures\20260630_新宿エール\2026-06-30_19-23-42_641.jpeg,jpeg,3024,4032,2936870,0.07,56.86,75.28,ok,exif_original,1.10,exif_thumbnail,ok
C:\Users\miyaj\Pictures\20260630_新宿エール\2026-06-30_19-23-45_669.jpeg,jpeg,3024,4032,2353245,0.07,50.90,75.71,ok,exif_original,1.03,exif_thumbnail,ok
C:\Users\miyaj\Pictures\20260630_新宿エール\2026-06-30_19-23-48_344.jpeg,jpeg,3024,4032,2576860,0.10,54.32,75.63,ok,exif_original,1.09,exif_thumbnail,ok
C:\Users\miyaj\Pictures\20260630_新宿エール\2026-06-30_19-23-56_985.jpeg,jpeg,3024,4032,2775061,0.08,55.75,74.73,ok,exif_original,1.05,exif_thumbnail,ok
C:\Users\miyaj\Pictures\20260630_新宿エール\2026-06-30_19-23-58_338.jpeg,jpeg,3024,4032,2292368,0.07,50.82,75.54,ok,exif_original,1.04,exif_thumbnail,ok
C:\Users\miyaj\Pictures\20260630_新宿エール\2026-06-30_19-23-59_149.jpeg,jpeg,3024,4032,2446908,0.07,52.19,74.03,ok,exif_original,1.08,exif_thumbnail,ok
C:\Users\miyaj\Pictures\20260630_新宿エール\2026-06-30_19-24-01_050.jpeg,jpeg,3024,4032,2399683,0.10,51.88,74.91,ok,exif_original,1.19,exif_thumbnail,ok
C:\Users\miyaj\Pictures\20260630_新宿エール\2026-06-30_19-28-38_880.jpeg,jpeg,4284,5712,3653568,0.07,91.32,171.30,ok,exif_original,1.02,exif_thumbnail,ok
C:\Users\miyaj\Pictures\20260630_新宿エール\2026-06-30_19-28-40_102.jpeg,jpeg,4284,5712,3647901,0.16,91.99,171.98,ok,exif_original,1.09,exif_thumbnail,ok
C:\Users\miyaj\Pictures\20260630_新宿エール\2026-06-30_19-28-41_414.jpeg,jpeg,4284,5712,3705333,0.08,91.78,171.45,ok,exif_original,1.14,exif_thumbnail,ok
C:\Users\miyaj\Pictures\20260630_新宿エール\2026-06-30_19-28-44_063.jpeg,jpeg,4284,5712,3837652,0.07,92.62,171.26,ok,exif_original,1.01,exif_thumbnail,ok
C:\Users\miyaj\Pictures\20260630_新宿エール\2026-06-30_19-28-46_293.jpeg,jpeg,4284,5712,4161690,0.08,96.62,171.42,ok,exif_original,1.01,exif_thumbnail,ok
C:\Users\miyaj\Pictures\20260630_新宿エール\2026-06-30_19-28-48_165.jpeg,jpeg,4284,5712,3747412,0.08,93.45,171.29,ok,exif_original,1.05,exif_thumbnail,ok
C:\Users\miyaj\Pictures\20260630_新宿エール\2026-06-30_19-28-49_603.jpeg,jpeg,4284,5712,3911050,0.08,94.21,170.78,ok,exif_original,1.01,exif_thumbnail,ok
C:\Users\miyaj\Pictures\20260630_新宿エール\2026-06-30_19-28-50_766.jpeg,jpeg,4284,5712,4097062,0.07,96.42,172.13,ok,exif_original,0.97,exif_thumbnail,ok
C:\Users\miyaj\Pictures\20260630_新宿エール\2026-06-30_19-28-51_805.jpeg,jpeg,4284,5712,4058261,0.14,95.69,171.74,ok,exif_original,1.13,exif_thumbnail,ok
C:\Users\miyaj\Pictures\20260630_新宿エール\2026-06-30_19-28-53_649.jpeg,jpeg,4284,5712,3967060,0.08,94.78,170.74,ok,exif_original,0.99,exif_thumbnail,ok
C:\Users\miyaj\Pictures\20260630_新宿エール\2026-06-30_19-28-54_471.jpeg,jpeg,4284,5712,3982559,0.08,94.35,171.34,ok,exif_original,1.02,exif_thumbnail,ok
C:\Users\miyaj\Pictures\20260630_新宿エール\2026-06-30_19-28-55_841.jpeg,jpeg,4284,5712,3959934,0.07,93.83,170.84,ok,exif_original,1.01,exif_thumbnail,ok
C:\Users\miyaj\Pictures\20260630_新宿エール\2026-06-30_19-28-56_560.jpeg,jpeg,4284,5712,3834028,0.09,93.14,171.82,ok,exif_original,1.01,exif_thumbnail,ok
C:\Users\miyaj\Pictures\20260630_新宿エール\2026-06-30_19-28-57_622.jpeg,jpeg,4284,5712,3979452,0.08,93.85,171.06,ok,exif_original,0.97,exif_thumbnail,ok
C:\Users\miyaj\Pictures\20260630_新宿エール\2026-06-30_19-29-00_166.jpeg,jpeg,4284,5712,3794605,0.07,91.80,172.15,ok,exif_original,1.08,exif_thumbnail,ok
C:\Users\miyaj\Pictures\20260630_新宿エール\2026-06-30_20-02-57_969.jpeg,jpeg,4284,5712,7398767,0.17,130.88,171.44,ok,exif_original,1.15,exif_thumbnail,ok
C:\Users\miyaj\Pictures\20260630_新宿エール\2026-06-30_20-03-03_350.jpeg,jpeg,3024,4032,2316435,0.11,48.44,75.98,ok,exif_original,1.07,exif_thumbnail,ok
C:\Users\miyaj\Pictures\20260630_新宿エール\2026-06-30_20-03-04_387.jpeg,jpeg,3024,4032,2255842,0.07,47.35,75.42,ok,exif_original,1.08,exif_thumbnail,ok
C:\Users\miyaj\Pictures\20260630_新宿エール\2026-06-30_20-03-05_660.jpeg,jpeg,3024,4032,2203715,0.07,46.43,74.49,ok,exif_original,1.04,exif_thumbnail,ok
C:\Users\miyaj\Pictures\20260630_新宿エール\2026-06-30_20-03-07_047.jpeg,jpeg,3024,4032,2502918,0.10,50.01,75.70,ok,exif_original,1.04,exif_thumbnail,ok
C:\Users\miyaj\Pictures\20260630_新宿エール\2026-06-30_20-03-09_795.jpeg,jpeg,3024,4032,2372428,0.07,47.27,75.54,ok,exif_original,1.02,exif_thumbnail,ok
C:\Users\miyaj\Pictures\20260630_新宿エール\2026-06-30_20-03-10_993.jpeg,jpeg,3024,4032,2183771,0.07,45.91,76.03,ok,exif_original,1.03,exif_thumbnail,ok
C:\Users\miyaj\Pictures\20260630_新宿エール\2026-06-30_20-03-12_061.jpeg,jpeg,3024,4032,2243184,0.07,46.41,75.31,ok,exif_original,1.00,exif_thumbnail,ok
C:\Users\miyaj\Pictures\20260630_新宿エール\2026-06-30_20-03-12_953.jpeg,jpeg,3024,4032,2205839,0.08,46.35,76.09,ok,exif_original,1.06,exif_thumbnail,ok
C:\Users\miyaj\Pictures\20260630_新宿エール\2026-06-30_20-03-14_753.jpeg,jpeg,3024,4032,2388913,0.08,47.90,76.40,ok,exif_original,1.02,exif_thumbnail,ok
C:\Users\miyaj\Pictures\20260630_新宿エール\2026-06-30_20-03-15_924.jpeg,jpeg,3024,4032,2336785,0.07,47.33,76.30,ok,exif_original,1.03,exif_thumbnail,ok
C:\Users\miyaj\Pictures\20260630_新宿エール\2026-06-30_20-03-17_060.jpeg,jpeg,3024,4032,2076194,0.07,44.63,75.42,ok,exif_original,1.18,exif_thumbnail,ok
C:\Users\miyaj\Pictures\20260630_新宿エール\2026-06-30_20-03-17_710.jpeg,jpeg,3024,4032,2371579,0.07,47.88,74.25,ok,exif_original,1.14,exif_thumbnail,ok
C:\Users\miyaj\Pictures\20260630_新宿エール\2026-06-30_20-03-18_492.jpeg,jpeg,3024,4032,2247502,0.08,46.60,76.02,ok,exif_original,1.03,exif_thumbnail,ok
C:\Users\miyaj\Pictures\20260630_新宿エール\2026-06-30_20-03-19_217.jpeg,jpeg,3024,4032,2348859,0.13,47.36,76.09,ok,exif_original,1.10,exif_thumbnail,ok
C:\Users\miyaj\Pictures\20260630_新宿エール\2026-06-30_20-03-19_852.jpeg,jpeg,3024,4032,2318978,0.07,47.56,76.09,ok,exif_original,1.02,exif_thumbnail,ok
C:\Users\miyaj\Pictures\20260630_新宿エール\2026-06-30_20-03-20_573.jpeg,jpeg,3024,4032,2398860,0.13,47.25,75.82,ok,exif_original,1.13,exif_thumbnail,ok
C:\Users\miyaj\Pictures\20260630_新宿エール\2026-06-30_20-03-21_045.jpeg,jpeg,3024,4032,2355435,0.07,47.86,76.54,ok,exif_original,1.02,exif_thumbnail,ok
C:\Users\miyaj\Pictures\20260630_新宿エール\2026-06-30_20-03-21_638.jpeg,jpeg,3024,4032,2332864,0.07,47.32,74.89,ok,exif_original,1.05,exif_thumbnail,ok
C:\Users\miyaj\Pictures\20260630_新宿エール\2026-06-30_20-03-22_362.jpeg,jpeg,3024,4032,2346837,0.07,47.59,76.18,ok,exif_original,1.03,exif_thumbnail,ok
C:\Users\miyaj\Pictures\20260630_新宿エール\2026-06-30_20-04-35_499.jpeg,jpeg,2160,3840,1075292,0.07,31.78,36.35,ok,exif_original,22.56,jpeg_scaled,ok
C:\Users\miyaj\Pictures\20260630_新宿エール\2026-06-30_20-04-36_294.jpeg,jpeg,2160,3840,1065987,0.09,31.93,35.66,ok,exif_original,22.20,jpeg_scaled,ok
C:\Users\miyaj\Pictures\20260630_新宿エール\2026-06-30_20-04-37_108.jpeg,jpeg,2160,3840,1074046,0.10,31.99,36.63,ok,exif_original,22.40,jpeg_scaled,ok
C:\Users\miyaj\Pictures\20260630_新宿エール\2026-06-30_20-04-38_402.jpeg,jpeg,2160,3840,1107270,0.10,32.23,36.46,ok,exif_original,22.74,jpeg_scaled,ok
C:\Users\miyaj\Pictures\20260630_新宿エール\2026-06-30_20-04-39_850.jpeg,jpeg,2160,3840,1120633,0.08,32.71,36.42,ok,exif_original,23.11,jpeg_scaled,ok
C:\Users\miyaj\Pictures\20260630_新宿エール\2026-06-30_20-04-40_922.jpeg,jpeg,2160,3840,1085413,0.08,32.15,35.79,ok,exif_original,23.09,jpeg_scaled,ok
C:\Users\miyaj\Pictures\20260630_新宿エール\2026-06-30_20-04-42_310.jpeg,jpeg,2160,3840,1079640,0.08,32.05,36.06,ok,exif_original,22.63,jpeg_scaled,ok
